gm_inder,fbaab662-ded2-4dbf-a52f-b30c022a19a6
britishfalcon,d9d0d22e-2bf8-4e17-b6c2-f5547c4ab798
priesttrovical,89de03d6-45fa-430a-9462-81fd4f7de14e
drunkcat22,44c2290d-200e-49c8-ab0c-c7b331cf2f6a
fizzerzz,1bb68f50-6f78-4157-be6d-9602b38571c5
obamagaming44,048d2f37-55a9-4de8-96db-75febd2e8696
imperatorkvak,14c706bd-0be1-4cbc-8614-4d82fb77356b
tekknight,5f8ba25c-4b7c-47e5-b64f-57a04abf5f30
darknightatd4,5fffd2aa-d3fe-49aa-9696-ba1d5065afff
kolba,1eeac28a-4f79-4145-972a-49f8c0c3426d
mythicaldragons,87cf8e05-afae-4623-9df5-96e72dc19180
gildedguy,fecd395e-943e-49ee-8842-a3462fa27f8b
mr_barber,a162e902-e758-4869-b9d7-df3cdb08c34d
yopis,d47d7f8e-22a4-4ddd-862d-4d57bd8526fc
preisttrovical,89de03d6-45fa-430a-9462-81fd4f7de14e
lol54080,1f8ad9ca-56dd-4b7a-bd52-d181fdd81970
shistercloudy,b53c1498-3ecf-405f-a0cd-0d5574fc3df5
chaos7kid,b5dead14-4e4e-4ffe-a556-11a229c3e17f
wongsarenice,565f7fee-4736-419c-8909-839f28617613
zero1104,c886f619-e1d2-4044-a5a8-4ab7b058be57
creepermaster123,4d440da4-88c7-468f-8c86-e881391b91e8
jbones5263,8b518f25-9485-4628-9ef1-754484093b52
possupyrjo,bd104255-b685-4d1f-a387-2a0e65b2073d
kittenlover1216,124c0378-47c3-4259-8049-eae5a2eeff64
velvetsalt4231,80ccec73-7cee-4279-8601-a91fa6934336
__futaba__,c078b7e1-d3d0-4027-99ae-d3cb9d1a23c2
daxelsson,6abd8c3d-dcb8-4f56-9d17-3263bf4cf196
